Qty,Value,Device,Package,Parts,Description,MFG,MPN
1,,LISA-U200,76PIN_LCC,LISA1,U-blox LISA-U200,UBLOX,LISA-U200-02S
2,,PINHD-1X6,1X06,"JLEFT_A, JRIGHT_A",PIN HEADER,MOLEX,22-28-4060
1,0,RESISTOR0402-RES,0402-RES,R70,Resistor,PANASONIC,DNI
8,0,RESISTOR0402-RES,0402-RES,"R6, R20, R27, R28, R34, R36, R37, R72",Resistor,PANASONIC,DNI
40,0,RESISTOR0402-RES,0402-RES,"R1, R2, R4, R11, R13, R14, R15, R16, R17, R18, R21, R22, R23, R25, R29, R30, R31, R32, R33, R46, R48, R49, R50, R54, R55, R56, R57, R58, R59, R60, R61, R62, R63, R64, R66, R67, R69, R71, R73, R74",Resistor,PANASONIC,ERJ-2GE0R00X
1,0.1 uF,C-USC0402,C0402,C15,"CAPACITOR, American symbol",AVX/ELCO,GRM155R61C104KA88D
12,0.1 uF,C-USC0402,C0402,"C2, C3, C4, C7, C8, C9, C14, C18, C19, C24, C25, C26","CAPACITOR, American symbol",MURATA,GRM155R61C104KA88D
3,0.1 uF,C-USC0603,C0603,"C12, C16, C59","CAPACITOR, American symbol",AVX,0603YC104KAT2A
1,0.22 uF,C-USC0603,C0603,C51,"CAPACITOR, American symbol",AVX,0603YC224KAT2A
1,1 nF,C-USC0402,C0402,C5,"CAPACITOR, American symbol",MURATA,GRM319R71H102KA01D
2,1 uF,C-USC0603,C0603,"C1, C21","CAPACITOR, American symbol",MURATA,GRM188R71C105KA12D
2,10 nF,C-USC0402,C0402,"C22, C58","CAPACITOR, American symbol",MURATA,GRM155R71C103KA01D
2,10 uF,C-USC0603,C0603,"C33, C34","CAPACITOR, American symbol",MURATA,GRM188R60J106ME84D
2,100K,R-US_R0402,R0402,"R51, R53","RESISTOR, American symbol",Panasonic,ERJ-2GEJ104X
4,10K,RESISTOR0402-RES,0402-RES,"R24, R35, R40, R47",Resistor,YAEGO,RC0402JR-0710KL
1,10nF,GRM155R71E103KA01D,CAPC1005X60N,C27,"CAPACITOR, 0402",Murata,GRM155R71E103KA01D
1,15 pF,C-USC0402,C0402,C60,"CAPACITOR, American symbol",NIC,NMC0402NPO150J50TRPF
4,15 pf,C-USC0402,C0402,"C17, C23, C29, C32","CAPACITOR, American symbol",AVX/ELCO,04025A150JAT2A
1,16 MHz,CERAMIC_RESONATOR_16MHZ_MURATA_CSTCE,CRYSTAL_RESONATOR_MURATA_CSTCE,X1,,MURATA,CSTCE16M0V53-R0
1,1K,RESISTOR0402-RES,0402-RES,R10,Resistor,YAEGO,RC0402JR-071KL
4,1M,RESISTOR0402-RES,0402-RES,"R5, R38, R39, R42",Resistor,YAEGO,RC0402JR-071ML
1,1k,RESISTOR,0402-RES,R45,,YAEGO,RC0402JR-071KL
1,1uF,CAPACITOR0402,0402-CAP,C20,,AVX,04026D105KAT2A
1,1uH,INDUCTOR_1UH_XFL4020-102MEC,COILCRAFT_XFL4020,L5,,COILCRAFT,XFL4020-102MEC
4,2.2 uF,C-USC0603,C0603,"C10, C11, C13, C28","CAPACITOR, American symbol",SAMSUNG,CL10A225MQ8NNNC
2,22 pf,C-USC0402,C0402,"C30, C31","CAPACITOR, American symbol",AVX/ELCO,04025A220JAT2A
4,22 uF,C-USC0603,C0603,"C35, C36, C37, C38","CAPACITOR, American symbol",MURATA,GRM188R60J226MEA0D
1,22R,4R-NCAY16,CAY16,RN1,Array Chip Resistor,BOURNES,CAY16-220J4LF
2,24K,RESISTOR0402-RES,0402-RES,"R7, R8",Resistor,YAEGO,RC0402JR-0724KL
1,3.3K,RESISTOR0402-RES,0402-RES,R9,Resistor,YAEGO,RC0402JR-073K3L
2,32.768 kHz,CRYSTAL_32.768K_AVX,CRYSTAL_ST3215SB,"X2, X3",,AVX/ELCO/KYOCERA,ST3215SB32768E0HPWBB
1,330 uF,CAP_SMD_D_SIZED,CAP_SMD_SIZE_D,C57,,KEMET,T520D337M006ATE045
3,3A,FUSE_0603,R0603,"F1, F3, F6",,Bourns,SF-0603S300-2
1,4.7K,R-US_R0402,R0402,R12,"RESISTOR, American symbol",Panasonic,ERJ-2GEJ472X
1,4.7u,C-EU0603-RND,C0603-ROUND,C6,"CAPACITOR, European symbol",MURATA,GRM188R61C475KAAJD
5,47 pF,C-USC0402,C0402,"C41, C42, C43, C44, C45","CAPACITOR, American symbol",AVX,04025A470JAT2A
1,470,R-US_R0402,R0402,R19,"RESISTOR, American symbol",Panasonic,ERJ-2GEJ471X
1,470,RESISTOR0402-RES,0402-RES,R2000,Resistor,YAEGO,RC0402JR-07470RL
1,47K,R-US_R0402,R0402,R52,"RESISTOR, American symbol",Panasonic,ERJ-2GEJ473X
1,68 pF,C-USC0402,C0402,C61,"CAPACITOR, American symbol",MURATA,GRM1555C1H680JA01D
4,75,RESISTOR0402-RES,0402-RES,"R3, R41, R44, R68",Resistor,PANASONIC,DNI
1,75,RESISTOR0402-RES,0402-RES,R43,Resistor,PANASONIC,DNI
2,75,RESISTOR0402-RES,0402-RES,"R26, R65",Resistor,PANASONIC,ERJ-2GEJ750X
1,ANT-A-1JB,ANT-A-1JB,UFL,ANT_UFL,,AMPHENOL,A-1JB
1,BAT_TERM,BAT_TERM,JST-PH-2,J20,,JST,S2B-PH-SM4-TB(LF)(SN)
1,BC846,BC846,SOT23,T2,NPN TRANSISTOR,ON SEMI,BC846ALT1G
1,BOOST_5V_TI_TPS81256,BOOST_5V_TI_TPS81256,MICRO_SIP_3X3,U10,,TI,TPS81256SIPT
2,CON_JUMPER_1.27_2X2,CON_JUMPER_1.27_2X2,FCI_CON_1.27_2X2,"J2, J9",,FCI,20021121-00004C4LF
1,DIODE_DUAL_SCHOTKEY,DIODE_DUAL_SCHOTKEY,SOT23-3,U4,,FAIRCHILD,BAT54C
1,DNI,C-USC0402,C0402,C77,"CAPACITOR, American symbol",AVX,DNI
1,FREESCALE_MKL17Z256VFM4,FREESCALE_MKL17Z256VFM4,QFN_32_5X5,U6,,FREESCALE,MKL17Z256VFM4
2,FTS-105,FTS-105,FTS-105,"J7, J8",,SAMTEC,FTS-105-01-F-DV
2,HEADER_0.1_IN_8_POS,HEADER_0.1_IN_8_POS,HEADER_0.1_8_POS,"JLEFT_B, JRIGHT_B",,MOLEX,22-28-4080
1,INDUCTOR_0402,INDUCTOR_0402,R0402,L9,,TDK,DNI
1,INDUCTOR_0402,INDUCTOR_0402,R0402,L4,,TDK,DNI
1,INDUCTOR_0603,INDUCTOR_0603,R0603$1,L7,,MURATA,BLM18EG221SN1D
2,INDUCTOR_0603,INDUCTOR_0603,R0603$1,"L1, L3",,Murata,BLM18AG121SN1D
1,INDUCTOR_0603,INDUCTOR_0603,R0603$1,L6,,TDK,DNI
1,INDUCTOR_0603,INDUCTOR_0603,R0603$1,L2,,TDK,MPZ1608S221A
2,JUMPER_1.27MM,JUMPER_1.27MM,NOTHING,"JB1, JB2",,HARWIN,M50-1920005
7,LED_0402_VLMW,LED_0402_VLMW,LED_0402_VISHAY_VLMW,"D1, D2, D3, D5, D6, D7, D8",,VISHAY,VLMW1500-GS08
1,MAX1704X,MAX1704X,TDFN-8,U19,"MAX17043/MAX17044: Battery Fuel Guage (43 is 1cell, 44 is 2cell)",Maxim,MAX17043G+U
1,MICROCHIP_FLASH_MEM,MICROCHIP_FLASH_MEM,TDFN8_5X6,U3,,MICROCHIP,SST26VF016BT-104I/MF
1,MK20DX128VLH5,MK20DX128VLH5,MK20DX128VLH5,U5,Teensy 3.0 Processing Unit - MK20DX128VLH5 ARM Cortex M0,Freescale,MK22FN1M0VLH12
2,"PESD12VL2BT,215","PESD12VL2BT,215",SOT23,"U7, U9",,NXP,"PESD12VL2BT,215"
1,SARA-U2XX,SARA-U2XX,91-PIN_LGA,SARA1,,U-BLOX,DNI
1,SIM_CARD_NANO_GLOBAL_CONNECTOR_TEC_SIM8050-6-0-14-01-A,SIM_CARD_NANO_GLOBAL_CONNECTOR_TEC_SIM8050-6-0-14-01-A,SIM_CARD_NANO,SIM1,,Global Connector Technology,SIM8050-06-14-01-A
1,ST_MICRO_BAT_CHARGER_L6924U013,ST_MICRO_BAT_CHARGER_L6924U013,BAT_CHARGE_ST_MICRO_L6924U,U1,,ST Micro,L6924UTR
3,SWITCH_PANASONIC_EVP-BB2A1B000,SWITCH_PANASONIC_EVP-BB2A1B000,SWITCH_PANASONIC_EVPBB,"SW_PGM, SW_SYS_RST, SW_USR_RST",,PANASONIC,EVP-BB2A1B000
1,TPS63021,TPS63021,QFN-14-POWERPAD3X4DSJ,U2,,TI,TPS63021DSJR
1,TPSTP09R,TPSTP09R,TP09R,TP3,TEST PIN,N/A,N/A
24,TPTP08R,TPTP08R,TP08R,"TP1, TP2, TP4, TP5, TP6, TP7, TP8, TP9, TP13, TP14, TP15, TP17, TP18, TP19, TP20, TP21, TP22, TP23, TP24, TP25, TP26, TP27, TP28, TP30",Test pad,N/A,N/A
1,USB_MICRO_B_MOLEX_473460001,USB_MICRO_B_MOLEX_473460001,USB_MICRO_MOLEX_473460001,J1,,MOLEX,473460001
1,VOLTAGE_TRANSLATOR_4_BIT,VOLTAGE_TRANSLATOR_4_BIT,UQFN_16,U8,,TI,SN74AVC4T774RSVR
